{"_timestamp":1.7538888659470084e+09,"val_iou":0.5051168317978199,"_runtime":102.981582672,"train_loss":0.017817697438754533,"val_f1":0.5419111251831055,"_step":49,"_wandb":{"runtime":102},"val_recall":0.5659669637680054,"val_loss":0.023605387980261676,"val_precision":0.5848661661148071}