{"val_loss":0.25624883600643705,"val_iou":0.5870406883103507,"_wandb":{"runtime":240},"val_precision":0.6097358465194702,"train_loss":0.21362087901296287,"val_recall":0.5901548862457275,"_runtime":240.912145725,"val_f1":0.5980179309844971,"_step":49,"_timestamp":1.7549284466565535e+09}