{"val_iou":0.4485894235280844,"train_loss":0.016057872213423252,"_wandb":{"runtime":64},"val_precision":0.5264843702316284,"val_f1":0.5109289288520813,"_runtime":64.999208601,"_timestamp":1.752486021816995e+09,"val_loss":0.024601009459449694,"val_recall":0.5087175369262695,"_step":49}