{"ClassMetrics/precision_class_6":0.8277429938316345,"ClassMetrics/f1_class_15":0.8669899702072144,"ClassMetrics/recall_class_13":0.6308941841125488,"ClassMetrics/f1_class_4":0.017877094447612762,"val_precision":0.6601728200912476,"train_loss":0.3603522325384206,"ClassMetrics/f1_class_11":0.8563361763954163,"ClassMetrics/precision_class_8":0.19490255415439606,"ClassMetrics/recall_class_18":0.792342483997345,"ClassMetrics/recall_class_9":0.6627700328826904,"_timestamp":1.7561306524653752e+09,"ClassMetrics/recall_class_2":0.9256020784378052,"ClassMetrics/f1_class_6":0.7382156252861023,"ClassMetrics/precision_class_12":0.9672601222991943,"ClassMetrics/iou_class_18":0.6578070521354675,"ClassMetrics/precision_class_3":0.5112033486366272,"ClassMetrics/f1_class_8":0.2531645596027374,"ClassMetrics/recall_class_6":0.6661643981933594,"ClassMetrics/f1_class_1":0.9980395436286926,"ClassMetrics/f1_class_2":0.8600955009460449,"ClassMetrics/iou_class_0":0.16173096001148224,"ClassMetrics/f1_class_10":0.8188624382019043,"ClassMetrics/f1_class_14":0.901742160320282,"ClassMetrics/precision_class_14":0.9279618859291077,"_wandb":{"runtime":64},"ClassMetrics/recall_class_4":0.00904465839266777,"ClassMetrics/recall_class_16":0,"ClassMetrics/iou_class_6":0.5938709378242493,"ClassMetrics/iou_class_5":0.8213884830474854,"ClassMetrics/recall_class_12":0.8945862054824829,"_runtime":64.491934184,"ClassMetrics/precision_class_18":0.842883825302124,"ClassMetrics/f1_class_7":0,"ClassMetrics/iou_class_16":0,"ClassMetrics/iou_class_9":0.523193895816803,"ClassMetrics/iou_class_12":0.8584077954292297,"ClassMetrics/f1_class_3":0.561020016670227,"ClassMetrics/precision_class_4":0.761904776096344,"ClassMetrics/recall_class_7":0,"ClassMetrics/precision_class_13":0.6385869383811951,"_step":49,"ClassMetrics/recall_class_10":0.8297663927078247,"ClassMetrics/f1_class_5":0.9001615643501282,"ClassMetrics/iou_class_17":0.3146946430206299,"val_iou":0.49228230118751526,"ClassMetrics/iou_class_2":0.7442198395729065,"ClassMetrics/precision_class_16":0,"ClassMetrics/precision_class_9":0.7890456318855286,"ClassMetrics/precision_class_11":0.8449064493179321,"ClassMetrics/precision_class_17":0.4886977970600128,"ClassMetrics/f1_class_12":0.9295048117637634,"ClassMetrics/iou_class_13":0.3400580585002899,"ClassMetrics/precision_class_5":0.9107081294059753,"ClassMetrics/iou_class_8":0.09496894478797913,"ClassMetrics/f1_class_9":0.720416247844696,"ClassMetrics/iou_class_3":0.30087581276893616,"ClassMetrics/f1_class_17":0.4965672194957733,"ClassMetrics/iou_class_15":0.6628237962722778,"ClassMetrics/precision_class_1":0.9976051449775696,"ClassMetrics/recall_class_8":0.3611111044883728,"ClassMetrics/iou_class_14":0.8135105967521667,"val_f1":0.612963855266571,"ClassMetrics/f1_class_18":0.8168321251869202,"ClassMetrics/iou_class_10":0.6825304627418518,"ClassMetrics/recall_class_15":0.8441739082336426,"ClassMetrics/recall_class_3":0.6215943694114685,"ClassMetrics/precision_class_7":0,"val_recall":0.6110178828239441,"ClassMetrics/precision_class_15":0.8910735845565796,"ClassMetrics/recall_class_17":0.5046942234039307,"ClassMetrics/recall_class_14":0.8769634366035461,"ClassMetrics/iou_class_11":0.7499873042106628,"ClassMetrics/f1_class_13":0.6347172856330872,"ClassMetrics/precision_class_10":0.8082413077354431,"ClassMetrics/precision_class_0":0.33731070160865784,"ClassMetrics/iou_class_4":0.03690071031451225,"val_loss":0.4972903047289167,"ClassMetrics/f1_class_0":0.27577149868011475,"ClassMetrics/f1_class_16":0,"ClassMetrics/precision_class_2":0.8032481074333191,"ClassMetrics/recall_class_5":0.8898564577102661,"ClassMetrics/recall_class_0":0.23322227597236633,"ClassMetrics/iou_class_1":0.9963947534561157,"ClassMetrics/recall_class_11":0.8680793642997742,"ClassMetrics/iou_class_7":0,"ClassMetrics/recall_class_1":0.9984743595123291}