{"train_loss":0.01944940511522622,"val_recall":0.5172654986381531,"_timestamp":1.752673811006723e+09,"_runtime":17.057811436,"_step":49,"val_iou":0.5218257052557809,"_wandb":{"runtime":17},"val_loss":0.022947547092501606,"val_f1":0.5278628468513489,"val_precision":0.5827382206916809}