{"ClassMetrics/precision_class_9":0.726076602935791,"ClassMetrics/recall_class_15":0.811228334903717,"ClassMetrics/iou_class_17":0.0020572450011968613,"ClassMetrics/recall_class_12":0.8702800273895264,"_step":49,"ClassMetrics/iou_class_3":0,"ClassMetrics/f1_class_18":0.8378474712371826,"ClassMetrics/f1_class_5":0.9092941880226135,"ClassMetrics/iou_class_12":0.7317742705345154,"ClassMetrics/f1_class_11":0.7933009266853333,"val_f1":0.5055965781211853,"ClassMetrics/iou_class_5":0.8375423550605774,"ClassMetrics/recall_class_13":0.5054725408554077,"ClassMetrics/recall_class_8":0,"ClassMetrics/iou_class_15":0.6278488039970398,"ClassMetrics/f1_class_6":0.5522012114524841,"ClassMetrics/recall_class_17":0.0030449123587459326,"ClassMetrics/recall_class_16":0,"ClassMetrics/recall_class_10":0.6712517738342285,"ClassMetrics/recall_class_18":0.8131908774375916,"ClassMetrics/precision_class_2":0.9579147100448608,"ClassMetrics/recall_class_1":0.9990833401679993,"_runtime":52.99239438,"ClassMetrics/iou_class_7":NaN,"ClassMetrics/precision_class_14":0.8555740714073181,"ClassMetrics/f1_class_1":0.9976962804794312,"_wandb":{"runtime":52},"ClassMetrics/iou_class_13":0.2682425379753113,"ClassMetrics/recall_class_9":0.6124428510665894,"ClassMetrics/f1_class_15":0.8137291073799133,"ClassMetrics/precision_class_5":0.9307770729064941,"ClassMetrics/f1_class_2":0.9476839303970337,"ClassMetrics/precision_class_13":0.5734926462173462,"ClassMetrics/precision_class_4":0,"ClassMetrics/f1_class_0":0.003467843635007739,"ClassMetrics/recall_class_2":0.9376693964004517,"ClassMetrics/f1_class_3":0,"ClassMetrics/recall_class_7":0,"ClassMetrics/recall_class_4":0,"ClassMetrics/precision_class_3":0,"ClassMetrics/iou_class_0":0.0014024492120370269,"val_loss":0.011195032724312373,"val_recall":0.4831436574459076,"ClassMetrics/iou_class_6":0.4026196002960205,"ClassMetrics/precision_class_0":0.26829269528388977,"ClassMetrics/f1_class_4":0,"ClassMetrics/recall_class_6":0.48628750443458557,"ClassMetrics/precision_class_15":0.8162453174591064,"ClassMetrics/precision_class_17":0.3529411852359772,"ClassMetrics/f1_class_16":0,"ClassMetrics/iou_class_11":0.6686912178993225,"ClassMetrics/iou_class_9":0.43715688586235046,"ClassMetrics/f1_class_17":0.0060377358458936214,"val_iou":0.4369698464870453,"ClassMetrics/precision_class_8":0,"ClassMetrics/precision_class_16":0,"ClassMetrics/iou_class_14":0.7263085842132568,"ClassMetrics/f1_class_8":0,"ClassMetrics/f1_class_9":0.6644362807273865,"ClassMetrics/f1_class_12":0.9088510274887085,"ClassMetrics/precision_class_18":0.864046037197113,"ClassMetrics/f1_class_14":0.8800126314163208,"ClassMetrics/iou_class_18":0.6699267029762268,"ClassMetrics/iou_class_1":0.9957634806632996,"ClassMetrics/iou_class_4":0,"ClassMetrics/recall_class_5":0.8887805342674255,"ClassMetrics/recall_class_11":0.6733638048171997,"ClassMetrics/precision_class_1":0.9963129758834839,"train_loss":0.008280814673494676,"ClassMetrics/precision_class_6":0.638785183429718,"val_precision":0.5662019848823547,"_timestamp":1.7561175500599482e+09,"ClassMetrics/precision_class_12":0.9509996175765991,"ClassMetrics/recall_class_0":0.0017452007159590721,"ClassMetrics/iou_class_8":0,"ClassMetrics/f1_class_7":0,"ClassMetrics/f1_class_13":0.5373385548591614,"ClassMetrics/f1_class_10":0.7544371485710144,"ClassMetrics/iou_class_2":0.8943546414375305,"ClassMetrics/precision_class_7":0,"ClassMetrics/precision_class_11":0.9652230739593506,"ClassMetrics/iou_class_10":0.601768434047699,"ClassMetrics/recall_class_14":0.9058884382247925,"ClassMetrics/recall_class_3":0,"ClassMetrics/iou_class_16":0,"ClassMetrics/precision_class_10":0.8611566424369812}