{"val_iou":0.4147301697731018,"val_f1":0.5325815081596375,"_step":49,"val_precision":0.5824426412582397,"val_recall":0.5253721475601196,"_timestamp":1.752568870796841e+09,"val_loss":0.022998039163649082,"_runtime":74.184763455,"_wandb":{"runtime":74},"train_loss":0.014990111742893943}