{"ClassMetrics/iou_class_89":0.09387269616127014,"ClassMetrics/iou_class_11":0.06790557503700256,"ClassMetrics/f1_class_81":0.16667595505714417,"ClassMetrics/iou_class_23":NaN,"ClassMetrics/recall_class_98":0,"ClassMetrics/precision_class_5":0.14537830650806427,"ClassMetrics/iou_class_87":0,"ClassMetrics/f1_class_65":0.260482519865036,"ClassMetrics/f1_class_84":0.12471765279769897,"ClassMetrics/iou_class_75":0,"_runtime":53.805654038,"ClassMetrics/precision_class_56":0,"ClassMetrics/precision_class_64":0,"ClassMetrics/iou_class_0":0.9876078367233276,"ClassMetrics/recall_class_68":0.09339407831430435,"ClassMetrics/recall_class_91":0,"ClassMetrics/precision_class_89":0.1989942491054535,"ClassMetrics/recall_class_32":0.813430666923523,"ClassMetrics/recall_class_5":0.5713058710098267,"ClassMetrics/recall_class_46":0,"ClassMetrics/precision_class_53":0,"ClassMetrics/f1_class_18":0.7903754711151123,"ClassMetrics/precision_class_26":0.723209023475647,"ClassMetrics/recall_class_42":0.07210353016853333,"ClassMetrics/f1_class_23":0,"ClassMetrics/precision_class_93":0,"ClassMetrics/f1_class_24":0.8807363510131836,"ClassMetrics/f1_class_88":0,"ClassMetrics/precision_class_23":0,"ClassMetrics/iou_class_5":0.017457816749811172,"ClassMetrics/iou_class_15":0.7211199402809143,"ClassMetrics/precision_class_47":0,"ClassMetrics/recall_class_67":0,"ClassMetrics/precision_class_51":0,"ClassMetrics/precision_class_32":0.5689663290977478,"ClassMetrics/precision_class_3":0.2577913999557495,"ClassMetrics/precision_class_94":0.5854812860488892,"ClassMetrics/recall_class_100":0.6054074764251709,"ClassMetrics/f1_class_100":0.12824079394340515,"ClassMetrics/iou_class_2":0.09150400757789612,"ClassMetrics/precision_class_52":0.1655094474554062,"ClassMetrics/recall_class_9":0.5979633927345276,"ClassMetrics/f1_class_35":0.7152380347251892,"ClassMetrics/recall_class_93":0,"ClassMetrics/precision_class_42":0.10927771031856537,"ClassMetrics/iou_class_81":0.030802221968770027,"ClassMetrics/recall_class_16":0,"ClassMetrics/f1_class_21":0.9044678807258606,"ClassMetrics/f1_class_63":0.42564132809638977,"ClassMetrics/f1_class_99":0,"ClassMetrics/recall_class_87":0,"ClassMetrics/f1_class_55":0,"ClassMetrics/recall_class_88":0,"ClassMetrics/f1_class_12":0,"ClassMetrics/recall_class_62":0.48754584789276123,"ClassMetrics/recall_class_20":0.8797978162765503,"ClassMetrics/iou_class_49":NaN,"ClassMetrics/recall_class_7":0.5169286727905273,"val_recall":0.32540982961654663,"ClassMetrics/iou_class_66":0.032000064849853516,"ClassMetrics/recall_class_25":0,"ClassMetrics/precision_class_90":0,"ClassMetrics/precision_class_50":0,"ClassMetrics/recall_class_36":0.9285948872566223,"ClassMetrics/f1_class_57":0,"ClassMetrics/iou_class_22":0.027295896783471107,"ClassMetrics/iou_class_61":0.1378088742494583,"ClassMetrics/iou_class_7":0.22058065235614777,"ClassMetrics/recall_class_73":0,"ClassMetrics/precision_class_97":0,"ClassMetrics/precision_class_91":0,"ClassMetrics/f1_class_10":0.8012617230415344,"ClassMetrics/recall_class_43":0,"ClassMetrics/iou_class_85":0.03539670631289482,"ClassMetrics/precision_class_85":0.19603824615478516,"ClassMetrics/f1_class_83":0.3137044906616211,"ClassMetrics/precision_class_36":0.6813627481460571,"ClassMetrics/f1_class_34":0.7401384711265564,"ClassMetrics/iou_class_30":0.0887279212474823,"ClassMetrics/f1_class_59":0,"ClassMetrics/iou_class_65":0.020792128518223763,"ClassMetrics/iou_class_83":0.06346864998340607,"ClassMetrics/iou_class_93":0,"ClassMetrics/precision_class_21":0.8366891145706177,"ClassMetrics/f1_class_44":0,"ClassMetrics/recall_class_82":0.0021668472327291965,"ClassMetrics/recall_class_40":0.011879049241542816,"ClassMetrics/recall_class_8":0.5171129703521729,"ClassMetrics/recall_class_63":0.8383980989456177,"ClassMetrics/f1_class_96":0,"ClassMetrics/recall_class_37":0,"ClassMetrics/iou_class_45":0.030970774590969086,"ClassMetrics/iou_class_92":NaN,"ClassMetrics/f1_class_93":0,"ClassMetrics/recall_class_47":0,"ClassMetrics/recall_class_33":0.6304547190666199,"ClassMetrics/precision_class_48":0.40761420130729675,"ClassMetrics/recall_class_10":0.8974220752716064,"ClassMetrics/recall_class_17":0,"ClassMetrics/iou_class_10":0.37509286403656006,"ClassMetrics/f1_class_37":0,"ClassMetrics/iou_class_99":NaN,"ClassMetrics/recall_class_18":0.8776100873947144,"ClassMetrics/precision_class_9":0.7036502957344055,"ClassMetrics/iou_class_8":0.2073490172624588,"ClassMetrics/iou_class_56":0,"ClassMetrics/iou_class_13":0.16113050282001495,"ClassMetrics/precision_class_87":0,"ClassMetrics/iou_class_95":0.052236028015613556,"ClassMetrics/precision_class_55":0,"ClassMetrics/iou_class_44":NaN,"ClassMetrics/precision_class_99":0,"ClassMetrics/iou_class_46":NaN,"ClassMetrics/precision_class_71":0.1935780644416809,"ClassMetrics/f1_class_51":0,"ClassMetrics/precision_class_63":0.28522199392318726,"ClassMetrics/recall_class_22":0.8167254328727722,"ClassMetrics/recall_class_64":0,"ClassMetrics/recall_class_77":0.1833357959985733,"ClassMetrics/f1_class_31":0.5502938628196716,"ClassMetrics/iou_class_20":0.07915304601192474,"ClassMetrics/precision_class_75":0,"train_loss":0.18831329796971244,"ClassMetrics/recall_class_97":0,"ClassMetrics/f1_class_60":0.03875432536005974,"ClassMetrics/recall_class_58":0,"ClassMetrics/f1_class_38":0.7387163043022156,"ClassMetrics/iou_class_71":0.09365496784448624,"ClassMetrics/iou_class_27":0.18580889701843262,"ClassMetrics/recall_class_70":0.45950761437416077,"ClassMetrics/f1_class_8":0.4686616063117981,"ClassMetrics/iou_class_21":0.4628162980079651,"ClassMetrics/iou_class_1":0.4686495065689087,"ClassMetrics/f1_class_41":0,"ClassMetrics/recall_class_0":0.9883534908294678,"ClassMetrics/f1_class_17":0,"ClassMetrics/precision_class_30":0.5385251641273499,"_step":49,"ClassMetrics/iou_class_54":0,"ClassMetrics/f1_class_90":0,"ClassMetrics/recall_class_80":0.45476603507995605,"ClassMetrics/precision_class_19":0.7321281433105469,"ClassMetrics/iou_class_12":0,"ClassMetrics/f1_class_86":0.20741689205169678,"ClassMetrics/f1_class_16":0,"ClassMetrics/iou_class_86":0.04396833851933479,"ClassMetrics/precision_class_60":0.024935681372880936,"ClassMetrics/f1_class_67":0,"ClassMetrics/iou_class_79":0.027314217761158943,"ClassMetrics/f1_class_82":0.0025284450966864824,"ClassMetrics/f1_class_89":0.21260672807693481,"ClassMetrics/iou_class_36":0.3536527454853058,"ClassMetrics/precision_class_68":0.21480026841163635,"ClassMetrics/recall_class_31":0.890094518661499,"ClassMetrics/precision_class_40":0.0019841270986944437,"ClassMetrics/f1_class_1":0.6107685565948486,"ClassMetrics/recall_class_57":0,"ClassMetrics/precision_class_7":0.4706272780895233,"ClassMetrics/iou_class_59":0,"ClassMetrics/iou_class_50":NaN,"ClassMetrics/recall_class_61":0.41585904359817505,"ClassMetrics/precision_class_65":0.16397303342819214,"ClassMetrics/recall_class_29":0.6863832473754883,"ClassMetrics/f1_class_74":0.366902619600296,"ClassMetrics/iou_class_52":0.04424574226140976,"ClassMetrics/iou_class_34":0.34992045164108276,"ClassMetrics/f1_class_54":0,"ClassMetrics/precision_class_2":0.4400888979434967,"ClassMetrics/iou_class_31":0.18809615075588226,"ClassMetrics/f1_class_75":0,"ClassMetrics/iou_class_88":NaN,"ClassMetrics/f1_class_22":0.2158614546060562,"ClassMetrics/iou_class_80":0.050039589405059814,"ClassMetrics/f1_class_66":0.22227559983730316,"ClassMetrics/precision_class_35":0.6593511700630188,"ClassMetrics/f1_class_62":0.35907280445098877,"ClassMetrics/iou_class_97":NaN,"ClassMetrics/f1_class_95":0.24207235872745514,"ClassMetrics/precision_class_49":0,"ClassMetrics/precision_class_98":0,"ClassMetrics/precision_class_43":0,"ClassMetrics/iou_class_51":0,"ClassMetrics/iou_class_33":0.2280457466840744,"ClassMetrics/recall_class_30":0.6609852313995361,"ClassMetrics/precision_class_73":0,"ClassMetrics/f1_class_72":0.40971502661705017,"ClassMetrics/iou_class_68":0.010592238046228886,"ClassMetrics/precision_class_12":0,"ClassMetrics/f1_class_25":0,"ClassMetrics/f1_class_14":0.8352899551391602,