{"ClassMetrics/precision_class_14":0.887682318687439,"ClassMetrics/f1_class_9":0.6977279782295227,"ClassMetrics/precision_class_13":0.6813814043998718,"ClassMetrics/iou_class_6":0.3136836588382721,"ClassMetrics/iou_class_7":0,"val_iou":0.3980294167995453,"ClassMetrics/f1_class_14":0.9128775596618652,"ClassMetrics/recall_class_9":0.6411653757095337,"ClassMetrics/f1_class_10":0.7232452630996704,"ClassMetrics/f1_class_3":0.005752636585384607,"ClassMetrics/f1_class_4":0,"ClassMetrics/precision_class_8":0,"ClassMetrics/recall_class_2":0.9143528938293457,"ClassMetrics/f1_class_12":0.7917482852935791,"ClassMetrics/recall_class_1":0.9983986020088196,"ClassMetrics/recall_class_14":0.9395448565483093,"ClassMetrics/recall_class_16":0,"ClassMetrics/f1_class_15":0.7870612740516663,"ClassMetrics/iou_class_10":0.5472865700721741,"ClassMetrics/iou_class_0":0.04736914113163948,"val_f1":0.5092092156410217,"ClassMetrics/iou_class_5":0.6655378937721252,"ClassMetrics/precision_class_0":0.16259653866291046,"ClassMetrics/f1_class_8":0,"val_loss":0.014135902711691765,"ClassMetrics/f1_class_2":0.8648117184638977,"ClassMetrics/precision_class_7":0,"ClassMetrics/precision_class_5":0.8237746357917786,"_timestamp":1.7573411937420747e+09,"ClassMetrics/f1_class_7":0,"ClassMetrics/recall_class_15":0.818246066570282,"ClassMetrics/f1_class_17":0.2521512806415558,"ClassMetrics/recall_class_7":0,"ClassMetrics/recall_class_12":0.6813814640045166,"ClassMetrics/precision_class_11":0.7945328950881958,"ClassMetrics/precision_class_2":0.8203630447387695,"ClassMetrics/iou_class_9":0.4665506184101105,"ClassMetrics/recall_class_11":0.9172842502593994,"ClassMetrics/iou_class_16":NaN,"ClassMetrics/precision_class_12":0.9447790384292603,"ClassMetrics/iou_class_3":0.006465517450124025,"ClassMetrics/recall_class_3":0.003027245169505477,"ClassMetrics/iou_class_2":0.6690393686294556,"ClassMetrics/iou_class_18":0.5163953900337219,"ClassMetrics/precision_class_1":0.9974842667579651,"_wandb":{"runtime":56},"ClassMetrics/recall_class_13":0.49301302433013916,"ClassMetrics/precision_class_4":0,"ClassMetrics/f1_class_1":0.9979411959648132,"ClassMetrics/recall_class_17":0.15985789895057678,"ClassMetrics/iou_class_17":0.13195280730724335,"ClassMetrics/f1_class_18":0.7868595719337463,"ClassMetrics/recall_class_10":0.7593930959701538,"train_loss":0.008383082605800346,"ClassMetrics/recall_class_0":0.12359193712472916,"val_precision":0.5454996228218079,"ClassMetrics/f1_class_16":0,"ClassMetrics/iou_class_12":0.6249163150787354,"ClassMetrics/f1_class_0":0.14043627679347992,"ClassMetrics/precision_class_3":0.057692307978868484,"ClassMetrics/iou_class_11":0.7597649097442627,"ClassMetrics/precision_class_15":0.7581662535667419,"ClassMetrics/f1_class_11":0.8515074253082275,"ClassMetrics/recall_class_18":0.7939645051956177,"ClassMetrics/f1_class_13":0.5720904469490051,"ClassMetrics/recall_class_4":0,"ClassMetrics/iou_class_14":0.6725601553916931,"ClassMetrics/precision_class_10":0.6903824210166931,"ClassMetrics/iou_class_1":0.9960294365882874,"ClassMetrics/precision_class_16":0,"_runtime":56.394194983,"ClassMetrics/recall_class_8":0,"ClassMetrics/precision_class_9":0.7652358412742615,"ClassMetrics/precision_class_17":0.5965909361839294,"ClassMetrics/iou_class_8":0,"ClassMetrics/f1_class_5":0.8495448231697083,"ClassMetrics/recall_class_5":0.8769794702529907,"ClassMetrics/iou_class_13":0.16732120513916016,"_step":49,"ClassMetrics/iou_class_15":0.5796566009521484,"ClassMetrics/iou_class_4":0,"val_recall":0.4983036518096924,"ClassMetrics/recall_class_6":0.34756964445114136,"ClassMetrics/precision_class_18":0.7798806428909302,"ClassMetrics/precision_class_6":0.603950023651123,"ClassMetrics/f1_class_6":0.44121986627578735}