{"val_f1":0.32595375180244446,"_runtime":69.837477537,"_wandb":{"runtime":118},"val_loss":0.03772677315817195,"_timestamp":1.7526753723423495e+09,"val_iou":0.22706354226993056,"_step":9,"train_loss":0.03514848621769084,"val_precision":0.3550475835800171,"val_recall":0.35650014877319336}