{"_runtime":893.207913223,"val_iou":0.3077352341948723,"val_acc":0.991174230770189,"num_parameters":6827331,"val_loss":0.02857094481397344,"_step":25,"_wandb":{"runtime":893},"_timestamp":1.7510182646142702e+09,"train_loss":0.024518596610675257}