{"_timestamp":1.7525919919735045e+09,"train_loss":0.01699495597432057,"_runtime":127.310930032,"val_loss":0.03460361057778402,"val_f1":0.4707692563533783,"val_precision":0.519930362701416,"_wandb":{"runtime":127},"val_iou":0.3214604063909881,"_step":32,"val_recall":0.4769294857978821}