{"val_iou":0.4441368293762207,"train_loss":0.014088004798653115,"val_f1":0.5564008951187134,"_wandb":{"runtime":36},"_timestamp":1.752739489694501e+09,"val_loss":0.021479889564216138,"val_recall":0.5395796298980713,"_step":49,"val_precision":0.6001170873641968,"_runtime":36.360164484}