{"val_recall":0.23179367184638977,"_wandb":{"runtime":150},"_step":49,"val_f1":0.23031464219093323,"val_loss":0.05454958578277575,"_runtime":150.189071045,"val_precision":0.3095664083957672,"train_loss":0.030273002545899628,"val_iou":0.24139646891700595,"_timestamp":1.7543891222551055e+09}