{"_runtime":106.929379943,"val_recall":0.551260232925415,"_step":49,"val_iou":0.3492629531086708,"_timestamp":1.7525062871410043e+09,"val_f1":0.5615285634994507,"train_loss":0.014799590475029415,"val_loss":0.02542076658989702,"_wandb":{"runtime":106},"val_precision":0.5814793705940247}