{"_wandb":{"runtime":36},"val_iou":0.45842137245031506,"val_loss":0.023548424888688784,"_timestamp":1.7527474892056148e+09,"val_recall":0.5225042104721069,"_step":40,"train_loss":0.01647315239697172,"val_precision":0.5593421459197998,"val_f1":0.5244080424308777,"_runtime":36.137614642}