{"ClassMetrics/iou_class_6":0.3406183421611786,"ClassMetrics/precision_class_5":0.7905715703964233,"ClassMetrics/iou_class_7":0,"ClassMetrics/iou_class_9":0.37902942299842834,"ClassMetrics/iou_class_2":0.7401722073554993,"ClassMetrics/f1_class_12":0.8940909504890442,"ClassMetrics/precision_class_4":0,"ClassMetrics/f1_class_14":0.8990622162818909,"ClassMetrics/f1_class_13":0.6377400755882263,"ClassMetrics/recall_class_1":0.9989553093910217,"ClassMetrics/precision_class_14":0.8832356929779053,"ClassMetrics/recall_class_16":0,"ClassMetrics/iou_class_8":0,"ClassMetrics/precision_class_0":0,"ClassMetrics/precision_class_7":0,"ClassMetrics/precision_class_1":0.9970229864120483,"ClassMetrics/recall_class_17":0,"ClassMetrics/recall_class_3":0,"ClassMetrics/recall_class_11":0.9213593602180481,"ClassMetrics/iou_class_11":0.764643669128418,"ClassMetrics/recall_class_12":0.8337523341178894,"ClassMetrics/f1_class_16":0,"ClassMetrics/recall_class_9":0.48966383934020996,"ClassMetrics/recall_class_15":0.8497079610824585,"ClassMetrics/precision_class_9":0.8584585189819336,"ClassMetrics/recall_class_14":0.9154662489891052,"val_f1":0.4867381453514099,"ClassMetrics/iou_class_3":0,"ClassMetrics/f1_class_0":0,"ClassMetrics/precision_class_13":0.8581907153129578,"ClassMetrics/f1_class_11":0.8647773861885071,"ClassMetrics/iou_class_14":0.7928352355957031,"ClassMetrics/iou_class_13":0.3089509904384613,"ClassMetrics/recall_class_8":0,"ClassMetrics/precision_class_3":0,"_step":49,"ClassMetrics/f1_class_4":0,"ClassMetrics/precision_class_15":0.7629458904266357,"ClassMetrics/recall_class_13":0.5074000358581543,"ClassMetrics/f1_class_8":0,"ClassMetrics/iou_class_4":0,"ClassMetrics/f1_class_5":0.7087043523788452,"ClassMetrics/f1_class_3":0,"val_recall":0.47077107429504395,"ClassMetrics/f1_class_17":0,"ClassMetrics/precision_class_8":0,"ClassMetrics/precision_class_11":0.8147428035736084,"val_iou":0.41171157360076904,"ClassMetrics/precision_class_16":0,"ClassMetrics/f1_class_2":0.8195267915725708,"ClassMetrics/f1_class_1":0.997988224029541,"_runtime":98.474184296,"ClassMetrics/recall_class_18":0.7361819744110107,"ClassMetrics/precision_class_2":0.7409325838088989,"_wandb":{"runtime":98},"ClassMetrics/recall_class_2":0.9167732000350952,"ClassMetrics/iou_class_10":0.568705141544342,"train_loss":0.018448290158191633,"ClassMetrics/precision_class_12":0.9638442993164062,"ClassMetrics/f1_class_9":0.6236171126365662,"ClassMetrics/iou_class_17":0,"ClassMetrics/recall_class_0":0,"ClassMetrics/iou_class_12":0.7912135124206543,"val_loss":0.024304351968956844,"_timestamp":1.7558765839093318e+09,"ClassMetrics/iou_class_18":0.5735409259796143,"ClassMetrics/precision_class_18":0.8024278283119202,"ClassMetrics/recall_class_4":0,"ClassMetrics/f1_class_15":0.8039929866790771,"ClassMetrics/recall_class_5":0.6422015428543091,"ClassMetrics/precision_class_10":0.7061190009117126,"ClassMetrics/precision_class_17":0,"ClassMetrics/recall_class_6":0.35519006848335266,"ClassMetrics/iou_class_0":0,"ClassMetrics/f1_class_18":0.7678787708282471,"ClassMetrics/recall_class_7":0,"ClassMetrics/precision_class_6":0.7914428114891052,"ClassMetrics/iou_class_5":0.5744585394859314,"ClassMetrics/iou_class_16":NaN,"ClassMetrics/iou_class_15":0.5804757475852966,"ClassMetrics/f1_class_7":0,"ClassMetrics/recall_class_10":0.7779995799064636,"ClassMetrics/f1_class_10":0.7403185963630676,"ClassMetrics/f1_class_6":0.4903271794319153,"val_precision":0.5247333645820618,"ClassMetrics/iou_class_1":0.9961643815040588}