{"ClassMetrics/f1_class_48":0.5341753363609314,"ClassMetrics/recall_class_43":0,"ClassMetrics/precision_class_2":0.47326916456222534,"ClassMetrics/iou_class_26":0,"ClassMetrics/precision_class_68":0,"ClassMetrics/recall_class_26":0,"_wandb":{"runtime":74},"ClassMetrics/iou_class_85":0,"ClassMetrics/precision_class_10":0.7670372128486633,"ClassMetrics/f1_class_54":0,"ClassMetrics/iou_class_41":NaN,"ClassMetrics/recall_class_70":0.421458899974823,"ClassMetrics/f1_class_63":0,"ClassMetrics/precision_class_76":0.0007369196973741055,"ClassMetrics/f1_class_74":0.45405811071395874,"ClassMetrics/recall_class_31":0.6873411536216736,"ClassMetrics/iou_class_62":0.05055460333824158,"ClassMetrics/precision_class_55":0,"ClassMetrics/recall_class_45":0.08500128239393234,"ClassMetrics/f1_class_57":0,"ClassMetrics/recall_class_54":0,"ClassMetrics/f1_class_21":0,"ClassMetrics/iou_class_67":NaN,"ClassMetrics/precision_class_72":0.6385851502418518,"ClassMetrics/f1_class_59":0,"ClassMetrics/precision_class_3":0.2564641833305359,"ClassMetrics/recall_class_81":0.2292104810476303,"ClassMetrics/recall_class_2":0.35267892479896545,"ClassMetrics/recall_class_78":0.09583447128534317,"ClassMetrics/recall_class_20":0,"ClassMetrics/f1_class_96":0.017665265128016472,"ClassMetrics/iou_class_58":NaN,"ClassMetrics/iou_class_35":0.203691765666008,"ClassMetrics/f1_class_16":0,"ClassMetrics/iou_class_59":0,"ClassMetrics/iou_class_86":0.046954087913036346,"ClassMetrics/precision_class_60":0,"ClassMetrics/f1_class_82":0,"ClassMetrics/recall_class_51":0,"ClassMetrics/precision_class_41":0,"ClassMetrics/f1_class_90":0,"ClassMetrics/f1_class_1":0.5318145751953125,"ClassMetrics/precision_class_75":0,"ClassMetrics/precision_class_61":0,"ClassMetrics/precision_class_86":0.12447497248649597,"ClassMetrics/f1_class_91":0.12872083485126495,"ClassMetrics/f1_class_56":0.07259073853492737,"ClassMetrics/recall_class_99":0,"ClassMetrics/iou_class_66":0.059705570340156555,"ClassMetrics/iou_class_57":0,"ClassMetrics/f1_class_32":0.5737174153327942,"val_loss":0.4293176978826523,"ClassMetrics/f1_class_60":0,"ClassMetrics/f1_class_8":0,"ClassMetrics/iou_class_48":0.19099892675876617,"ClassMetrics/precision_class_15":0,"ClassMetrics/recall_class_72":0.30326345562934875,"ClassMetrics/f1_class_87":0.005317517090588808,"ClassMetrics/iou_class_25":NaN,"ClassMetrics/precision_class_57":0,"ClassMetrics/precision_class_33":0.5875651836395264,"ClassMetrics/iou_class_6":0,"ClassMetrics/precision_class_11":0.1000436544418335,"ClassMetrics/iou_class_100":0.09864848852157593,"ClassMetrics/recall_class_65":0.485105037689209,"ClassMetrics/f1_class_6":0,"ClassMetrics/iou_class_63":0,"ClassMetrics/iou_class_75":NaN,"ClassMetrics/recall_class_37":0,"ClassMetrics/recall_class_90":0,"ClassMetrics/recall_class_29":0.8035130500793457,"ClassMetrics/precision_class_32":0.48188698291778564,"ClassMetrics/iou_class_56":0.017901234328746796,"ClassMetrics/iou_class_81":0.02900967374444008,"ClassMetrics/recall_class_48":0.537136971950531,"ClassMetrics/recall_class_11":0.9345327615737915,"ClassMetrics/recall_class_14":0,"ClassMetrics/f1_class_14":0,"ClassMetrics/f1_class_38":0.39492979645729065,"ClassMetrics/precision_class_17":0,"ClassMetrics/iou_class_65":0.023453986272215843,"ClassMetrics/iou_class_20":0,"ClassMetrics/iou_class_73":NaN,"ClassMetrics/f1_class_47":0,"ClassMetrics/precision_class_77":0.21129493415355682,"ClassMetrics/precision_class_84":0,"ClassMetrics/recall_class_87":0.026571283116936684,"ClassMetrics/f1_class_88":0,"ClassMetrics/recall_class_92":0,"ClassMetrics/f1_class_92":0,"ClassMetrics/recall_class_52":0.15314695239067078,"ClassMetrics/f1_class_18":0.5854629874229431,"ClassMetrics/recall_class_13":0,"ClassMetrics/iou_class_18":0.19550476968288422,"ClassMetrics/precision_class_27":0.9213603734970093,"ClassMetrics/iou_class_39":0.04932823404669762,"ClassMetrics/f1_class_58":0,"ClassMetrics/iou_class_64":0,"ClassMetrics/f1_class_44":0,"ClassMetrics/f1_class_15":0,"ClassMetrics/iou_class_79":0.003684867871925235,"ClassMetrics/recall_class_27":0.3523571193218231,"ClassMetrics/iou_class_36":0.2874409258365631,"ClassMetrics/f1_class_11":0.18073885142803192,"ClassMetrics/precision_class_88":0,"ClassMetrics/recall_class_23":0,"ClassMetrics/iou_class_24":0.40458691120147705,"ClassMetrics/iou_class_30":0,"ClassMetrics/precision_class_64":0,"ClassMetrics/precision_class_87":0.0029543775599449873,"ClassMetrics/recall_class_8":0,"ClassMetrics/precision_class_51":0,"ClassMetrics/iou_class_14":0,"ClassMetrics/iou_class_94":0.36011356115341187,"ClassMetrics/precision_class_54":0,"ClassMetrics/f1_class_75":0,"ClassMetrics/precision_class_92":0,"ClassMetrics/f1_class_95":0,"ClassMetrics/recall_class_34":0,"ClassMetrics/iou_class_8":0,"ClassMetrics/precision_class_49":0,"ClassMetrics/recall_class_25":0,"ClassMetrics/recall_class_24":0.5756433606147766,"ClassMetrics/recall_class_86":0.2795519232749939,"ClassMetrics/precision_class_37":0,"ClassMetrics/precision_class_13":0,"ClassMetrics/precision_class_21":0,"ClassMetrics/f1_class_12":0,"ClassMetrics/precision_class_48":0.5312461256980896,"ClassMetrics/precision_class_4":0.15956555306911469,"ClassMetrics/f1_class_71":0.273359477519989,"ClassMetrics/f1_class_23":0,"ClassMetrics/iou_class_5":0,"ClassMetrics/precision_class_79":0.006420149467885494,"ClassMetrics/f1_class_45":0.10367762297391891,"ClassMetrics/f1_class_49":0,"ClassMetrics/recall_class_91":0.1593625545501709,"ClassMetrics/iou_class_92":NaN,"ClassMetrics/recall_class_1":0.48674649000167847,"ClassMetrics/f1_class_98":0,"ClassMetrics/f1_class_52":0.22421614825725555,"ClassMetrics/f1_class_39":0.09785688668489456,"ClassMetrics/iou_class_53":NaN,"ClassMetrics/recall_class_79":0.09980805963277817,"ClassMetrics/recall_class_44":0,"ClassMetrics/precision_class_80":0.33303555846214294,"ClassMetrics/f1_class_22":0,"ClassMetrics/recall_class_32":0.7087867856025696,"ClassMetrics/recall_class_88":0,"ClassMetrics/f1_class_5":0,"ClassMetrics/precision_class_58":0,"ClassMetrics/recall_class_57":0,"ClassMetrics/iou_class_15":0,"ClassMetrics/f1_class_3":0.24085848033428192,"ClassMetrics/recall_class_69":0.20164811611175537,"ClassMetrics/precision_class_66":0.1807943880558014,"ClassMetrics/recall_class_93":0,"ClassMetrics/iou_class_90":NaN,"ClassMetrics/iou_class_13":0,"ClassMetrics/precision_class_46":0,"ClassMetrics/iou_class_71":0.15142293274402618,"ClassMetrics/recall_class_55":0,"ClassMetrics/recall_class_66":0.19480688869953156,"ClassMetrics/recall_class_21":0,"ClassMetrics/f1_class_53":0,"ClassMetrics/precision_class_25":0,"ClassMetrics/iou_class_38":0.23629595339298248,"ClassMetrics/iou_class_93":0,"ClassMetrics/f1_class_100":0.17904458940029144,"ClassMetrics/iou_class_10":0.2623794376850128,"ClassMetrics/precision_class_85":0,"ClassMetrics/recall_class_58":0,"ClassMetrics/precision_class_70":0.5139244794845581,"ClassMetrics/f1_class_9":0,"ClassMetrics/precision_class_19":0,"ClassMetrics/f1_class_41":0,"ClassMetrics/iou_class_99":NaN,"ClassMetrics/iou_class_32":0.17195969820022583,"ClassMetrics/recall_class_75":0,"ClassMetrics/precision_class_38":0.8062664270401001,"ClassMetrics/iou_class_78":0.03392740711569786,"ClassMetrics/f1_class_65":0.24773800373077393,"ClassMetrics/precision_class_9":0,"ClassMetrics/precision_class_43":0,"ClassMetrics/iou_class_46":NaN,"ClassMetrics/iou_class_37":NaN,"ClassMetrics/recall_class_15":0,"ClassMetrics/precision_class_59":0,"ClassMetrics/precision_class_78":0.30688753724098206,"ClassMetrics/precision_class_82":0,"ClassMetrics/recall_class_97":0,"ClassMetrics/f1_class_77":0.2498641312122345,"ClassMetrics/precision_class_65":0.16634409129619598,"ClassMetrics/recall_class_73":0,"ClassMetrics/iou_class_34":0,"ClassMetrics/recall_class_5":0,"ClassMetrics/recall_class_38":0.2615126669406891,"ClassMetrics/recall_class_61":0,"ClassMetrics/precision_class_67":0,"ClassMetrics/iou_class_4":0.04820223152637482,"ClassMetrics/f1_class_99":0,"ClassMetrics/f1_class_86":0.17225198447704315,