{"_wandb":{"runtime":132},"val_loss":-3.6081568461198072,"val_precision":0.05749472603201866,"_runtime":65.195326118,"train_loss":-3.654468427624619,"_timestamp":1.7545767878045366e+09,"_step":13,"val_iou":0.10172894940926479,"val_recall":0.05882352963089943,"val_f1":0.05815153568983078}