{"val_iou":0.2947448291340653,"_wandb":{"runtime":86},"val_acc":0.991374463451152,"_timestamp":1.7513600220034614e+09,"_runtime":86.905083187,"_step":24,"train_loss":0.02042690115670363,"val_loss":0.030512009918385624}