{"train_loss":0.07097613580268004,"val_precision":0.5069799423217773,"val_loss":0.1246693783572742,"_runtime":29.009799753,"val_iou":0.5432066704545703,"_timestamp":1.7546469781344216e+09,"_step":49,"val_f1":0.5321877002716064,"val_recall":0.5686494708061218,"_wandb":{"runtime":29}}