{"val_recall":0.6093835830688477,"train_loss":0.01397714280245597,"val_iou":0.5858855362121875,"val_precision":0.653672993183136,"_timestamp":1.7526634208730552e+09,"_runtime":40.083508277,"_wandb":{"runtime":40},"val_f1":0.6138417720794678,"val_loss":0.016594507731497288,"_step":49}