{"_timestamp":1.7510335090336359e+09,"_wandb":{"runtime":429},"num_parameters":6839221,"val_iou":0.2218825381421885,"val_acc":0.9792277280068555,"val_loss":0.07218127076618916,"_runtime":429.585718265,"_step":22,"train_loss":0.0673084889086835}