{"_runtime":26.171245782,"val_iou":0.46580031284919154,"_wandb":{"runtime":26},"val_loss":0.012386426293792633,"_timestamp":1.7543240604725966e+09,"_step":49,"train_loss":0.009346283179822197,"val_f1":0.5472956895828247,"val_recall":0.5484076142311096,"val_precision":0.5610490441322327}