{"_wandb":{"runtime":35},"train_loss":0.02470235256799336,"val_f1":0.44691377878189087,"val_loss":0.02731011914355414,"val_precision":0.5040100812911987,"val_iou":0.4662255985396249,"_timestamp":1.7527619014247646e+09,"val_recall":0.4484395980834961,"_step":49,"_runtime":35.953179193}