{"val_precision":0.5133522152900696,"ClassMetrics/recall_class_17":0.7292565107345581,"ClassMetrics/precision_class_15":0.6802015900611877,"ClassMetrics/f1_class_2":0.9046472907066345,"_runtime":95.65275579,"ClassMetrics/recall_class_14":0.9695616960525513,"ClassMetrics/f1_class_1":0.9966298341751099,"ClassMetrics/precision_class_7":0,"ClassMetrics/recall_class_16":0,"ClassMetrics/precision_class_16":0,"ClassMetrics/recall_class_3":0.2139253318309784,"ClassMetrics/f1_class_14":0.8743835091590881,"ClassMetrics/f1_class_6":0.6502485871315002,"ClassMetrics/precision_class_12":0.8798539638519287,"ClassMetrics/f1_class_5":0.8753551244735718,"ClassMetrics/recall_class_13":0.5843601822853088,"ClassMetrics/recall_class_9":0.8847333192825317,"ClassMetrics/iou_class_12":0.6790609955787659,"ClassMetrics/recall_class_10":0.80379319190979,"ClassMetrics/iou_class_3":0.08097900450229645,"ClassMetrics/recall_class_5":0.9220320582389832,"ClassMetrics/recall_class_2":0.9513899683952332,"ClassMetrics/f1_class_16":0,"ClassMetrics/f1_class_18":0.8168445229530334,"val_loss":0.10645349531506117,"ClassMetrics/precision_class_11":0.739521324634552,"ClassMetrics/f1_class_13":0.5665187239646912,"ClassMetrics/f1_class_10":0.6807165145874023,"ClassMetrics/precision_class_4":0,"_step":49,"ClassMetrics/recall_class_0":0.23036649823188782,"ClassMetrics/iou_class_7":0,"ClassMetrics/f1_class_8":0.11295680701732635,"ClassMetrics/iou_class_16":0,"ClassMetrics/precision_class_18":0.8211209774017334,"ClassMetrics/precision_class_14":0.7962214350700378,"ClassMetrics/iou_class_2":0.7069413065910339,"ClassMetrics/iou_class_10":0.5076205134391785,"train_loss":0.06658213546401576,"ClassMetrics/precision_class_10":0.5903259515762329,"_timestamp":1.757323095667052e+09,"ClassMetrics/f1_class_11":0.8320634365081787,"ClassMetrics/recall_class_12":0.9776726961135864,"ClassMetrics/recall_class_6":0.6672837734222412,"ClassMetrics/precision_class_17":0.240361288189888,"ClassMetrics/iou_class_17":0.1922643780708313,"ClassMetrics/recall_class_18":0.8126123547554016,"ClassMetrics/f1_class_17":0.36155492067337036,"ClassMetrics/iou_class_14":0.689751386642456,"ClassMetrics/precision_class_5":0.8331763744354248,"ClassMetrics/iou_class_5":0.7071294188499451,"ClassMetrics/recall_class_8":0.09444444626569748,"val_iou":0.3975110948085785,"ClassMetrics/f1_class_4":0,"ClassMetrics/precision_class_0":0.17076325416564941,"ClassMetrics/precision_class_3":0.32868218421936035,"ClassMetrics/iou_class_1":0.9934091567993164,"ClassMetrics/precision_class_2":0.8622825741767883,"ClassMetrics/precision_class_13":0.5497344732284546,"ClassMetrics/iou_class_13":0.19750948250293732,"ClassMetrics/iou_class_0":0.09037395566701889,"ClassMetrics/iou_class_4":0,"ClassMetrics/iou_class_6":0.4568191468715668,"ClassMetrics/iou_class_18":0.5229302644729614,"ClassMetrics/f1_class_15":0.7939875721931458,"ClassMetrics/f1_class_3":0.25916871428489685,"ClassMetrics/f1_class_9":0.6286234855651855,"_wandb":{"runtime":95},"ClassMetrics/precision_class_9":0.48750272393226624,"ClassMetrics/recall_class_4":0,"ClassMetrics/recall_class_11":0.9510794281959534,"ClassMetrics/precision_class_1":0.9993864297866821,"ClassMetrics/precision_class_6":0.6340615153312683,"ClassMetrics/iou_class_11":0.7024452686309814,"ClassMetrics/f1_class_7":0,"ClassMetrics/iou_class_9":0.4085886478424072,"val_f1":0.5513696670532227,"ClassMetrics/recall_class_1":0.9938884377479553,"ClassMetrics/recall_class_7":0,"ClassMetrics/recall_class_15":0.9534900188446045,"ClassMetrics/f1_class_12":0.9261876940727234,"ClassMetrics/iou_class_15":0.6040090918540955,"ClassMetrics/f1_class_0":0.1961366981267929,"ClassMetrics/iou_class_8":0.012878787703812122,"ClassMetrics/precision_class_8":0.14049586653709412,"val_recall":0.6178889274597168}