{"ClassMetrics/iou_class_53":NaN,"ClassMetrics/recall_class_18":0.7385350465774536,"_timestamp":1.7564848044120457e+09,"ClassMetrics/f1_class_96":0,"ClassMetrics/iou_class_19":0.21130096912384033,"ClassMetrics/iou_class_88":NaN,"ClassMetrics/f1_class_99":0,"ClassMetrics/precision_class_87":0,"ClassMetrics/iou_class_86":0.009049465879797935,"ClassMetrics/iou_class_38":0.3452151417732239,"ClassMetrics/recall_class_63":0.26548880338668823,"ClassMetrics/f1_class_66":0,"ClassMetrics/f1_class_26":0.7959694862365723,"ClassMetrics/recall_class_71":0.23263248801231384,"ClassMetrics/iou_class_43":NaN,"ClassMetrics/f1_class_78":0.40959498286247253,"ClassMetrics/recall_class_55":0,"ClassMetrics/iou_class_16":NaN,"ClassMetrics/precision_class_85":0.26356589794158936,"ClassMetrics/recall_class_8":0.20616066455841064,"ClassMetrics/recall_class_62":0.3006371855735779,"ClassMetrics/f1_class_31":0.5230374336242676,"ClassMetrics/precision_class_80":0.25,"ClassMetrics/precision_class_17":0,"ClassMetrics/recall_class_91":0,"ClassMetrics/f1_class_90":0,"ClassMetrics/iou_class_61":0.024367032572627068,"ClassMetrics/precision_class_57":0,"ClassMetrics/f1_class_54":0,"ClassMetrics/f1_class_24":0.8827582001686096,"ClassMetrics/f1_class_14":0.7313337326049805,"ClassMetrics/recall_class_13":0.46312087774276733,"ClassMetrics/f1_class_42":0,"ClassMetrics/iou_class_52":0.029807962477207184,"ClassMetrics/precision_class_5":0.5208148956298828,"ClassMetrics/f1_class_10":0.7644678950309753,"ClassMetrics/precision_class_86":0.1023842915892601,"ClassMetrics/recall_class_6":0,"ClassMetrics/f1_class_48":0.3939521014690399,"ClassMetrics/iou_class_15":0.6467496156692505,"ClassMetrics/f1_class_19":0.6475367546081543,"ClassMetrics/iou_class_57":0,"ClassMetrics/precision_class_53":0,"ClassMetrics/iou_class_31":0.07906071096658707,"ClassMetrics/iou_class_66":0,"ClassMetrics/precision_class_20":0.45157232880592346,"ClassMetrics/iou_class_71":0.10927920788526535,"ClassMetrics/precision_class_68":0,"ClassMetrics/f1_class_7":0.6203411221504211,"ClassMetrics/precision_class_91":0,"ClassMetrics/f1_class_15":0.8966985940933228,"ClassMetrics/precision_class_4":0.507871150970459,"ClassMetrics/recall_class_65":0,"ClassMetrics/precision_class_11":0.18542198836803436,"ClassMetrics/f1_class_75":0,"val_recall":0.22926968336105347,"ClassMetrics/iou_class_70":0.08959706872701645,"ClassMetrics/recall_class_4":0.11836757510900497,"ClassMetrics/iou_class_37":NaN,"ClassMetrics/iou_class_14":0.23900610208511353,"ClassMetrics/precision_class_22":1,"ClassMetrics/iou_class_69":0.04570387676358223,"ClassMetrics/recall_class_98":0,"ClassMetrics/f1_class_39":0.2964803874492645,"ClassMetrics/iou_class_80":0.0010952274315059185,"ClassMetrics/recall_class_56":0,"ClassMetrics/recall_class_37":0,"ClassMetrics/recall_class_100":0.011324997060000896,"ClassMetrics/recall_class_7":0.6093668937683105,"ClassMetrics/recall_class_48":0.2750230133533478,"ClassMetrics/recall_class_68":0,"ClassMetrics/precision_class_98":0,"ClassMetrics/recall_class_95":0.07955517619848251,"ClassMetrics/precision_class_9":0.5349081754684448,"train_loss":0.02439454597399824,"ClassMetrics/iou_class_92":NaN,"ClassMetrics/precision_class_25":0,"ClassMetrics/recall_class_92":0,"ClassMetrics/f1_class_69":0.123857781291008,"ClassMetrics/f1_class_85":0.05206738039851189,"ClassMetrics/recall_class_17":0,"ClassMetrics/iou_class_29":0.14390192925930023,"ClassMetrics/f1_class_60":0,"ClassMetrics/f1_class_73":0,"ClassMetrics/precision_class_49":0,"ClassMetrics/recall_class_9":0.6597208976745605,"ClassMetrics/iou_class_89":0.06406065076589584,"ClassMetrics/recall_class_96":0,"ClassMetrics/precision_class_94":0.6814703345298767,"ClassMetrics/iou_class_58":NaN,"ClassMetrics/f1_class_25":0,"ClassMetrics/iou_class_75":NaN,"ClassMetrics/precision_class_23":0,"ClassMetrics/iou_class_63":0.08207227289676666,"ClassMetrics/recall_class_69":0.08136869966983795,"ClassMetrics/precision_class_19":0.8630673289299011,"ClassMetrics/iou_class_40":0,"ClassMetrics/precision_class_90":0,"ClassMetrics/iou_class_59":0,"ClassMetrics/recall_class_27":0.36930209398269653,"ClassMetrics/recall_class_99":0,"ClassMetrics/precision_class_58":0,"ClassMetrics/precision_class_74":0.2599002420902252,"ClassMetrics/iou_class_77":0.05513792484998703,"ClassMetrics/f1_class_72":0.28835248947143555,"ClassMetrics/recall_class_31":0.36868685483932495,"ClassMetrics/recall_class_58":0,"ClassMetrics/f1_class_46":0,"ClassMetrics/precision_class_44":0,"ClassMetrics/iou_class_84":0.002104768995195627,"ClassMetrics/recall_class_36":0.8017677664756775,"ClassMetrics/recall_class_59":0,"ClassMetrics/f1_class_50":0,"ClassMetrics/precision_class_81":0,"ClassMetrics/f1_class_0":0.9963142275810242,"ClassMetrics/f1_class_84":0.014897579327225685,"ClassMetrics/iou_class_9":0.23343174159526825,"ClassMetrics/iou_class_65":0,"ClassMetrics/precision_class_24":0.8425638675689697,"ClassMetrics/recall_class_43":0,"ClassMetrics/iou_class_49":NaN,"ClassMetrics/recall_class_90":0,"ClassMetrics/recall_class_33":0.610287606716156,"ClassMetrics/f1_class_44":0,"ClassMetrics/f1_class_93":0,"ClassMetrics/recall_class_26":0.8474188446998596,"ClassMetrics/iou_class_13":0.13058550655841827,"ClassMetrics/iou_class_34":0.37443628907203674,"ClassMetrics/precision_class_50":0,"ClassMetrics/iou_class_5":0.0774979218840599,"ClassMetrics/recall_class_66":0,"ClassMetrics/f1_class_34":0.7635608911514282,"ClassMetrics/iou_class_3":0.1159583255648613,"val_precision":0.28247418999671936,"ClassMetrics/iou_class_55":NaN,"ClassMetrics/precision_class_64":0,"ClassMetrics/recall_class_60":0,"ClassMetrics/recall_class_24":0.9269795417785645,"ClassMetrics/iou_class_26":0.07921020686626434,"ClassMetrics/f1_class_8":0.3006238639354706,"ClassMetrics/iou_class_18":0.3109394311904907,"ClassMetrics/f1_class_83":0.16318371891975403,"ClassMetrics/recall_class_82":0,"ClassMetrics/iou_class_96":0,"ClassMetrics/recall_class_88":0,"ClassMetrics/f1_class_29":0.6240745186805725,"ClassMetrics/iou_class_93":0,"ClassMetrics/iou_class_72":0.13832521438598633,"ClassMetrics/precision_class_67":0,"ClassMetrics/recall_class_0":0.9980232119560242,"ClassMetrics/iou_class_50":NaN,"ClassMetrics/iou_class_25":NaN,"ClassMetrics/f1_class_53":0,"ClassMetrics/recall_class_57":0,"ClassMetrics/recall_class_61":0.016446402296423912,"ClassMetrics/recall_class_22":0.007689842954277992,"ClassMetrics/recall_class_73":0,"ClassMetrics/precision_class_45":0.48066091537475586,"ClassMetrics/f1_class_45":0.5551338791847229,"ClassMetrics/iou_class_22":0.007689842954277992,"ClassMetrics/precision_class_51":0,"ClassMetrics/precision_class_71":0.25722602009773254,"ClassMetrics/iou_class_35":0.1915774792432785,"ClassMetrics/precision_class_100":0.19760765135288239,"ClassMetrics/f1_class_9":0.5907944440841675,"ClassMetrics/precision_class_41":0,"ClassMetrics/f1_class_74":0.3758259415626526,"ClassMetrics/precision_class_33":0.649803876876831,"ClassMetrics/recall_class_23":0,"ClassMetrics/iou_class_45":0.04100631922483444,"ClassMetrics/precision_class_1":0.5970391631126404,"ClassMetrics/f1_class_21":0.9376584887504578,"ClassMetrics/f1_class_47":0,"ClassMetrics/iou_class_87":0,"ClassMetrics/precision_class_26":0.7504099011421204,"ClassMetrics/recall_class_38":0.7653671503067017,"ClassMetrics/precision_class_47":0,"ClassMetrics/precision_class_93":0,"ClassMetrics/recall_class_85":0.028886999934911728,"ClassMetrics/recall_class_89":0.1164778545498848,"ClassMetrics/recall_class_15":0.8822990655899048,"ClassMetrics/recall_class_25":0,"ClassMetrics/recall_class_54":0,"ClassMetrics/precision_class_16":0,"ClassMetrics/recall_class_3":0.17146004736423492,"ClassMetrics/precision_class_79":0,"ClassMetrics/recall_class_81":0,"ClassMetrics/iou_class_74":0.07524951547384262,"ClassMetrics/precision_class_76":0,"ClassMetrics/precision_class_99":0,"ClassMetrics/f1_class_17":0,"ClassMetrics/f1_class_3":0.26014524698257446,"ClassMetrics/f1_class_95":0.1401657909154892,"ClassMetrics/f1_class_76":0,