{"train_loss":0.19286626602777027,"val_recall":0.40820223093032837,"val_f1":0.3672880530357361,"_timestamp":1.7546733139639568e+09,"_wandb":{"runtime":46},"_step":49,"val_loss":0.38819293991515513,"val_iou":0.31220556521102,"val_precision":0.36291611194610596,"_runtime":46.190632183}