{"_wandb":{"runtime":95},"_timestamp":1.7512797667865276e+09,"_runtime":95.810458346,"_step":22,"train_loss":0.07507363745908267,"val_loss":0.0838384980841583,"val_iou":0.2457166596358975,"val_acc":0.9767106645154637}