{"val_acc":0.9768780335685275,"_timestamp":1.7513813888340166e+09,"_runtime":75.174495451,"_wandb":{"runtime":75},"_step":16,"train_loss":0.06090056380471626,"val_loss":0.08054802829510724,"val_iou":0.27669611977820363}