{"ClassMetrics/iou_class_1":0.9958591461181641,"ClassMetrics/recall_class_16":0,"ClassMetrics/iou_class_7":0,"ClassMetrics/recall_class_0":0.27272728085517883,"ClassMetrics/precision_class_10":0.7887584567070007,"ClassMetrics/f1_class_10":0.7544917464256287,"ClassMetrics/f1_class_6":0.6695899963378906,"ClassMetrics/iou_class_18":0.5029250979423523,"ClassMetrics/recall_class_10":0.7230784296989441,"ClassMetrics/iou_class_17":0.24385233223438263,"ClassMetrics/recall_class_7":0,"ClassMetrics/precision_class_3":0.4264957308769226,"ClassMetrics/recall_class_18":0.6744012832641602,"ClassMetrics/f1_class_8":0.13457076251506805,"ClassMetrics/precision_class_14":0.937353789806366,"_timestamp":1.757421354125858e+09,"ClassMetrics/precision_class_8":0.1155378520488739,"ClassMetrics/recall_class_6":0.5160804390907288,"ClassMetrics/precision_class_6":0.9530889987945557,"ClassMetrics/iou_class_11":0.6786603331565857,"ClassMetrics/recall_class_12":0.8569632768630981,"ClassMetrics/f1_class_16":0,"ClassMetrics/iou_class_2":0.6787486672401428,"ClassMetrics/recall_class_11":0.817794144153595,"ClassMetrics/precision_class_11":0.7660594582557678,"ClassMetrics/iou_class_16":0,"ClassMetrics/recall_class_17":0.7010911107063293,"train_loss":0.4316195531895286,"ClassMetrics/precision_class_12":0.9586372971534729,"ClassMetrics/f1_class_15":0.6955995559692383,"ClassMetrics/precision_class_17":0.30365973711013794,"ClassMetrics/recall_class_1":0.9987035393714905,"ClassMetrics/iou_class_15":0.5548223853111267,"ClassMetrics/precision_class_7":0,"ClassMetrics/recall_class_15":0.6905378699302673,"ClassMetrics/precision_class_5":0.9222504496574402,"ClassMetrics/recall_class_13":0.6561574935913086,"ClassMetrics/f1_class_4":0.023319082334637642,"ClassMetrics/recall_class_14":0.867309033870697,"ClassMetrics/recall_class_4":0.016958734020590782,"ClassMetrics/iou_class_8":0.027752894908189774,"_wandb":{"runtime":49},"ClassMetrics/precision_class_18":0.924054741859436,"ClassMetrics/f1_class_3":0.4618232250213623,"_runtime":49.535780094,"ClassMetrics/iou_class_5":0.8010039925575256,"ClassMetrics/f1_class_11":0.7910818457603455,"ClassMetrics/recall_class_9":0.7304706573486328,"ClassMetrics/recall_class_3":0.503531813621521,"ClassMetrics/f1_class_5":0.9126794338226318,"ClassMetrics/iou_class_4":0.020404625684022903,"val_f1":0.5729197859764099,"val_precision":0.5928114056587219,"ClassMetrics/precision_class_2":0.8818397521972656,"ClassMetrics/recall_class_8":0.16111111640930176,"ClassMetrics/f1_class_1":0.997870683670044,"ClassMetrics/iou_class_13":0.23364239931106567,"ClassMetrics/iou_class_9":0.5108304619789124,"ClassMetrics/f1_class_2":0.8347696661949158,"ClassMetrics/iou_class_6":0.5604751110076904,"ClassMetrics/f1_class_13":0.6008951663970947,"ClassMetrics/f1_class_17":0.42377302050590515,"ClassMetrics/f1_class_12":0.9049534201622009,"ClassMetrics/f1_class_9":0.7369115948677063,"ClassMetrics/precision_class_4":0.03731343150138855,"ClassMetrics/iou_class_14":0.6540516018867493,"ClassMetrics/precision_class_13":0.5542182922363281,"val_loss":0.5296202668776879,"ClassMetrics/precision_class_1":0.9970390796661377,"_step":49,"ClassMetrics/iou_class_12":0.6926468014717102,"ClassMetrics/iou_class_3":0.09903620183467865,"ClassMetrics/precision_class_15":0.7007360458374023,"ClassMetrics/recall_class_5":0.9033049941062927,"ClassMetrics/f1_class_7":0,"ClassMetrics/precision_class_0":0.2529056966304779,"val_recall":0.5727731585502625,"ClassMetrics/f1_class_18":0.7797321081161499,"ClassMetrics/f1_class_0":0.2624427378177643,"ClassMetrics/f1_class_14":0.9009720683097839,"ClassMetrics/precision_class_9":0.7434671521186829,"ClassMetrics/precision_class_16":0,"ClassMetrics/iou_class_0":0.1255941241979599,"ClassMetrics/recall_class_2":0.79246985912323,"val_iou":0.4193281829357147,"ClassMetrics/iou_class_10":0.5869293808937073}