{"val_f1":0.3849951922893524,"val_recall":0.38477838039398193,"train_loss":0.027262996561054527,"_step":46,"_runtime":61.292197182,"_wandb":{"runtime":61},"val_iou":0.3095329361302512,"val_precision":0.4342871904373169,"val_loss":0.043432341888546944,"_timestamp":1.7525000331389976e+09}