{"train_loss":0.3800780348141085,"val_loss":0.4142213353985234,"val_iou":0.314505439839865,"val_precision":0.2818608283996582,"_wandb":{"runtime":37},"val_f1":0.26976388692855835,"_step":49,"_runtime":37.009946084,"val_recall":0.28972485661506653,"_timestamp":1.7555425022244008e+09}