{"val_precision":0.5808125734329224,"val_iou":0.3049841149120915,"_runtime":36.421677898,"_wandb":{"runtime":36},"_timestamp":1.7522467098386643e+09,"val_loss":0.030567850936584328,"val_f1":0.4802934527397156,"_step":49,"val_recall":0.47001972794532776,"train_loss":0.015971333218945397}