{"_wandb":{"runtime":122},"_runtime":122.953121623,"_step":24,"train_loss":0.05742623172647414,"val_loss":0.06250231118490364,"val_iou":0.2548990893541582,"val_acc":0.9819856301838199,"_timestamp":1.751296907282948e+09}