{"_step":49,"_timestamp":1.7525877302330086e+09,"_runtime":61.949149423,"_wandb":{"runtime":61},"val_iou":0.267558930175645,"val_recall":0.32734161615371704,"val_loss":0.038116058600800376,"train_loss":0.03410939236396346,"val_f1":0.2970232367515564,"val_precision":0.3452942371368408}