{"val_recall":0.3097580671310425,"val_loss":0.06346014642009609,"_runtime":44.948596183,"_step":48,"_wandb":{"runtime":44},"val_f1":0.30296745896339417,"_timestamp":1.7539591612349272e+09,"val_precision":0.3420906662940979,"val_iou":0.28579015833766835,"train_loss":0.036987079455601896}