{"_step":49,"ClassMetrics/f1_class_18":0.8753169178962708,"ClassMetrics/f1_class_13":0.656976044178009,"val_f1":0.5491048693656921,"ClassMetrics/f1_class_17":0.17971141636371613,"ClassMetrics/iou_class_7":0,"ClassMetrics/iou_class_10":0.6488935947418213,"ClassMetrics/f1_class_0":0.15534770488739014,"val_recall":0.5187458992004395,"ClassMetrics/precision_class_14":0.9036375284194946,"ClassMetrics/precision_class_10":0.8908200263977051,"ClassMetrics/precision_class_11":0.9139268398284912,"train_loss":0.013495085622069606,"ClassMetrics/recall_class_5":0.8819217681884766,"ClassMetrics/iou_class_13":0.2330828309059143,"ClassMetrics/iou_class_11":0.8012735843658447,"ClassMetrics/precision_class_8":0,"ClassMetrics/precision_class_16":0,"ClassMetrics/recall_class_7":0,"ClassMetrics/recall_class_17":0.104288250207901,"ClassMetrics/recall_class_1":0.9992445111274719,"ClassMetrics/iou_class_17":0.07695396989583969,"ClassMetrics/precision_class_7":0,"ClassMetrics/precision_class_3":0,"ClassMetrics/f1_class_1":0.9980237483978271,"ClassMetrics/f1_class_12":0.9160144329071045,"ClassMetrics/precision_class_6":0.8350534439086914,"ClassMetrics/iou_class_6":0.5263850092887878,"ClassMetrics/iou_class_12":0.6789506077766418,"ClassMetrics/precision_class_1":0.9968060255050659,"ClassMetrics/precision_class_4":0,"ClassMetrics/precision_class_18":0.9115672707557678,"ClassMetrics/f1_class_10":0.7890106439590454,"ClassMetrics/recall_class_12":0.8914125561714172,"ClassMetrics/recall_class_3":0,"ClassMetrics/recall_class_6":0.5817367434501648,"ClassMetrics/f1_class_15":0.8948039412498474,"ClassMetrics/iou_class_16":NaN,"val_loss":0.01950777221757632,"ClassMetrics/precision_class_5":0.9351515173912048,"ClassMetrics/precision_class_12":0.9420127868652344,"ClassMetrics/recall_class_11":0.8688185811042786,"ClassMetrics/f1_class_16":0,"ClassMetrics/f1_class_4":0,"ClassMetrics/precision_class_2":0.895282506942749,"ClassMetrics/f1_class_6":0.6857491135597229,"ClassMetrics/iou_class_8":0,"_timestamp":1.7570844807380054e+09,"ClassMetrics/iou_class_2":0.6502763032913208,"ClassMetrics/recall_class_9":0.695526659488678,"ClassMetrics/iou_class_5":0.8004952073097229,"val_iou":0.43147724866867065,"ClassMetrics/f1_class_14":0.8464820981025696,"ClassMetrics/recall_class_8":0,"ClassMetrics/recall_class_4":0,"ClassMetrics/f1_class_5":0.9077569842338562,"ClassMetrics/iou_class_9":0.5212473273277283,"ClassMetrics/precision_class_17":0.649289071559906,"ClassMetrics/f1_class_2":0.8876493573188782,"ClassMetrics/recall_class_13":0.5849108695983887,"ClassMetrics/precision_class_9":0.812197744846344,"_wandb":{"runtime":64},"ClassMetrics/precision_class_13":0.7492945194244385,"ClassMetrics/iou_class_18":0.6063500046730042,"ClassMetrics/recall_class_10":0.7080854177474976,"ClassMetrics/recall_class_14":0.7961267232894897,"ClassMetrics/iou_class_14":0.5132192373275757,"ClassMetrics/iou_class_0":0.06937745213508606,"ClassMetrics/f1_class_3":0,"ClassMetrics/f1_class_7":0,"ClassMetrics/iou_class_15":0.6439505219459534,"ClassMetrics/precision_class_15":0.8887856602668762,"ClassMetrics/precision_class_0":0.2162468135356903,"_runtime":64.131535306,"ClassMetrics/iou_class_3":0,"ClassMetrics/recall_class_2":0.8801451921463013,"val_precision":0.6073721647262573,"ClassMetrics/recall_class_18":0.8418393731117249,"ClassMetrics/f1_class_8":0,"ClassMetrics/iou_class_4":0,"ClassMetrics/recall_class_16":0,"ClassMetrics/iou_class_1":0.9961351156234741,"ClassMetrics/recall_class_15":0.9009042978286743,"ClassMetrics/recall_class_0":0.12121212482452393,"ClassMetrics/f1_class_9":0.7493480443954468,"ClassMetrics/f1_class_11":0.8908020257949829}