{"val_acc":0.9779063952679665,"val_loss":0.08006110192825462,"_timestamp":1.7509486497091978e+09,"_runtime":741.385786199,"train_loss":0.07413655850416312,"_wandb":{"runtime":741},"num_parameters":6643445,"_step":20,"val_iou":0.2549974978562222}