{"ClassMetrics/precision_class_9":0.4092862010002136,"ClassMetrics/precision_class_13":0.26397964358329773,"ClassMetrics/f1_class_6":0.48464882373809814,"ClassMetrics/f1_class_5":0.46525537967681885,"ClassMetrics/recall_class_2":0.211126446723938,"ClassMetrics/f1_class_16":0,"val_iou":0.3020833730697632,"ClassMetrics/precision_class_0":0.052309274673461914,"_runtime":160.886749052,"ClassMetrics/recall_class_5":0.8918737173080444,"ClassMetrics/iou_class_9":0.3255119025707245,"ClassMetrics/precision_class_6":0.36159437894821167,"ClassMetrics/recall_class_16":0,"ClassMetrics/recall_class_4":0,"ClassMetrics/recall_class_18":0.8965535163879395,"_step":49,"ClassMetrics/recall_class_3":0.01109989918768406,"ClassMetrics/iou_class_7":0,"ClassMetrics/precision_class_17":0.1561514139175415,"ClassMetrics/iou_class_13":0.17617498338222504,"ClassMetrics/precision_class_2":0.8508723974227905,"ClassMetrics/recall_class_9":0.7276378273963928,"ClassMetrics/f1_class_13":0.39138874411582947,"ClassMetrics/precision_class_4":0,"ClassMetrics/precision_class_7":0,"ClassMetrics/iou_class_3":0.00144565652590245,"ClassMetrics/iou_class_4":0,"ClassMetrics/precision_class_14":0.6975507140159607,"ClassMetrics/recall_class_7":0,"ClassMetrics/f1_class_7":0,"ClassMetrics/precision_class_3":0.015214384533464909,"ClassMetrics/recall_class_14":0.9170753359794617,"ClassMetrics/f1_class_18":0.7210239171981812,"ClassMetrics/f1_class_1":0.9944501519203186,"_wandb":{"runtime":160},"ClassMetrics/recall_class_17":0.05024105682969093,"ClassMetrics/precision_class_1":0.9994925260543823,"ClassMetrics/f1_class_15":0.7945301532745361,"ClassMetrics/iou_class_6":0.25025925040245056,"ClassMetrics/recall_class_15":0.8558543920516968,"ClassMetrics/f1_class_9":0.5238909721374512,"ClassMetrics/f1_class_2":0.3383086025714874,"ClassMetrics/iou_class_12":0.7565121054649353,"ClassMetrics/recall_class_10":0.7418845891952515,"ClassMetrics/precision_class_18":0.6029724478721619,"ClassMetrics/f1_class_14":0.7923897504806519,"ClassMetrics/f1_class_8":0,"ClassMetrics/iou_class_10":0.37084293365478516,"ClassMetrics/iou_class_15":0.5692794322967529,"val_recall":0.5123939514160156,"ClassMetrics/f1_class_12":0.8473556637763977,"ClassMetrics/recall_class_0":0.17753450572490692,"ClassMetrics/precision_class_10":0.4103240668773651,"ClassMetrics/iou_class_11":0.6465312838554382,"ClassMetrics/recall_class_8":0,"ClassMetrics/iou_class_18":0.5125556588172913,"val_loss":0.2052833821092333,"val_f1":0.4122686982154846,"val_precision":0.3895931541919708,"ClassMetrics/precision_class_8":0,"ClassMetrics/f1_class_4":0,"ClassMetrics/f1_class_17":0.07602226734161377,"ClassMetrics/iou_class_2":0.16658146679401398,"ClassMetrics/precision_class_12":0.853415310382843,"ClassMetrics/f1_class_10":0.5283992886543274,"ClassMetrics/recall_class_1":0.9894583225250244,"ClassMetrics/f1_class_3":0.012835472822189331,"ClassMetrics/precision_class_15":0.7414063811302185,"ClassMetrics/precision_class_16":0,"_timestamp":1.7559615474100034e+09,"ClassMetrics/recall_class_11":0.9325802326202393,"ClassMetrics/precision_class_11":0.6729859113693237,"ClassMetrics/iou_class_5":0.2789570689201355,"ClassMetrics/iou_class_0":0.04041197523474693,"ClassMetrics/recall_class_6":0.7346622347831726,"ClassMetrics/iou_class_1":0.989284098148346,"ClassMetrics/f1_class_11":0.781796932220459,"ClassMetrics/iou_class_8":0,"ClassMetrics/iou_class_14":0.6188263297080994,"ClassMetrics/iou_class_16":0,"ClassMetrics/iou_class_17":0.03640936687588692,"ClassMetrics/precision_class_5":0.31471484899520874,"ClassMetrics/recall_class_13":0.7565223574638367,"ClassMetrics/f1_class_0":0.08080881088972092,"ClassMetrics/recall_class_12":0.8413814306259155,"train_loss":0.10325141546541247}