{"val_precision":0.012719918042421341,"val_recall":0.01315789483487606,"_wandb":{"runtime":29},"_step":49,"val_f1":0.012935199774801731,"val_iou":0.12155810586716,"_timestamp":1.755019071850537e+09,"_runtime":29.482237089,"val_loss":0.16196964798789276,"train_loss":0.16068782174790447}