{"val_precision":0.012719918042421341,"_timestamp":1.754998894156116e+09,"val_loss":-0.17622717783639305,"_wandb":{"runtime":111},"_step":35,"val_f1":0.012935199774801731,"val_recall":0.01315789483487606,"val_iou":0.12155810586716,"train_loss":-0.17906774864108724,"_runtime":37.609206413}