{"train_loss":0.011515639632319411,"val_f1":0.5800137519836426,"val_iou":0.4061543366738728,"_runtime":17.565620074,"val_precision":0.6058523654937744,"_wandb":{"runtime":17},"_step":42,"_timestamp":1.7526806564501479e+09,"val_recall":0.5645806789398193,"val_loss":0.01935538226662546}