{"val_acc":0.9856086263851244,"_wandb":{"runtime":245},"num_parameters":6254079,"_timestamp":1.7512918067045577e+09,"_step":25,"val_loss":0.05694081792037706,"val_iou":0.1859904980781127,"_runtime":245.11235279,"train_loss":0.0314332572867473}