{"_wandb":{"runtime":40},"train_loss":0.012266805506748172,"val_precision":0.5431429147720337,"val_loss":0.030323839019984006,"val_recall":0.4954710602760315,"_step":49,"val_iou":0.4255734038352966,"val_f1":0.4814983606338501,"_runtime":40.141161364,"_timestamp":1.7526574036990633e+09}