{"val_loss":0.5175873466900417,"_runtime":107.502315378,"_wandb":{"runtime":107},"val_f1":0.5876758098602295,"val_precision":0.6163289546966553,"_timestamp":1.7555925498078647e+09,"val_recall":0.573851466178894,"val_iou":0.5363788604736328,"_step":49,"train_loss":0.3808015975458869}