{"_step":39,"_timestamp":1.7525740006863494e+09,"val_recall":0.4824707806110382,"_wandb":{"runtime":31},"val_f1":0.47220274806022644,"val_iou":0.39672582195355344,"val_loss":0.03122793646672597,"val_precision":0.48330071568489075,"train_loss":0.01923899881933865,"_runtime":31.63917504}