{"val_iou":0.2006831822487024,"_wandb":{"runtime":63},"val_f1":0.3253874182701111,"_step":49,"val_precision":0.25535619258880615,"_timestamp":1.754408347226701e+09,"val_recall":0.6773108839988708,"_runtime":63.908536796,"train_loss":0.36831380766734745,"val_loss":2.2296981427531977}