{"val_f1":0.5185129642486572,"train_loss":0.019578181734654757,"val_iou":0.3465853977203369,"_wandb":{"runtime":77},"_runtime":77.75628995,"_step":45,"val_precision":0.5572143197059631,"val_recall":0.5102000832557678,"val_loss":0.027515242248773573,"_timestamp":1.7524800664912815e+09}