{"val_loss":0.045779116204654684,"val_iou":0.20356115911688125,"val_acc":0.9850579865124761,"_timestamp":1.751274682072128e+09,"_runtime":184.659133603,"_step":23,"_wandb":{"runtime":184},"train_loss":0.04147127925107876}