{"_runtime":89.36469087,"_wandb":{"runtime":89},"_step":24,"train_loss":0.025349847039000856,"val_loss":0.050611614401699326,"val_iou":0.24491661194027686,"val_acc":0.9842063358851841,"_timestamp":1.751377431993857e+09}