{"_timestamp":1.7513652462656677e+09,"_wandb":{"runtime":89},"_runtime":89.900976623,"_step":24,"train_loss":0.05406325688296836,"val_loss":0.07760595873195604,"val_iou":0.28150237623034724,"val_acc":0.9800502649995665}