{"val_loss":-0.17622127266306625,"val_iou":0.12155810586716,"val_f1":0.012935199774801731,"val_precision":0.012719918042421341,"train_loss":-0.17669821649112485,"_wandb":{"runtime":479},"_step":8,"_timestamp":1.7550082410400279e+09,"_runtime":455.736289149,"val_recall":0.01315789483487606}