{"val_f1":0.21734628081321716,"_step":17,"val_iou":0.12170924303623346,"_wandb":{"runtime":445},"val_loss":2.961802753118368,"train_loss":0.7039902283434283,"_runtime":90.370107875,"val_recall":0.5410302877426147,"_timestamp":1.754401851032109e+09,"val_precision":0.18184101581573486}