{"train_loss":1,"_timestamp":1.7555320504090507e+09,"_step":37,"val_loss":1,"val_recall":0.00587819516658783,"_runtime":85.916965381,"val_iou":0.0002363156111785333,"_wandb":{"runtime":341},"val_f1":0.00035127351293340325,"val_precision":0.00998961366713047}